[{"id":"58cce8b4.a4e588","type":"tab","label":"Flow 3","disabled":false,"info":""},{"id":"1928554c.43d4db","type":"inject","z":"58cce8b4.a4e588","name":"","topic":"","payload":"Welcome","payloadType":"str","repeat":"","crontab":"","once":false,"onceDelay":0.1,"x":87,"y":271,"wires":[["9487a0a9.24905"]]},{"id":"65807de6.fc2d84","type":"ui_form","z":"58cce8b4.a4e588","name":"","label":"","group":"bd7c0706.7bdfb8","order":4,"width":0,"height":0,"options":[{"label":"year","value":"yr","type":"number","required":true},{"label":"rank in hunger index","value":"rh","type":"number","required":true},{"label":"out of total number of countries","value":"oc","type":"number","required":true}],"formValue":{"yr":"","rh":"","oc":""},"payload":"","submit":"submit","cancel":"cancel","topic":"","x":67,"y":481,"wires":[["9487a0a9.24905"]]},{"id":"9487a0a9.24905","type":"function","z":"58cce8b4.a4e588","name":"Token generation","func":"var Base64={_keyStr:\"ABCDEFGHIJKLMNOPQRSTUVWXYZabcdefghijklmnopqrstuvwxyz0123456789+/=\",encode:function(e){var t=\"\";var n,r,i,s,o,u,a;var f=0;e=Base64._utf8_encode(e);while(f<e.length){n=e.charCodeAt(f++);r=e.charCodeAt(f++);i=e.charCodeAt(f++);s=n>>2;o=(n&3)<<4|r>>4;u=(r&15)<<2|i>>6;a=i&63;if(isNaN(r)){u=a=64}else if(isNaN(i)){a=64}t=t+this._keyStr.charAt(s)+this._keyStr.charAt(o)+this._keyStr.charAt(u)+this._keyStr.charAt(a)}return t},decode:function(e){var t=\"\";var n,r,i;var s,o,u,a;var f=0;e=e.replace(/++[++^A-Za-z0-9+/=]/g,\"\");while(f<e.length){s=this._keyStr.indexOf(e.charAt(f++));o=this._keyStr.indexOf(e.charAt(f++));u=this._keyStr.indexOf(e.charAt(f++));a=this._keyStr.indexOf(e.charAt(f++));n=s<<2|o>>4;r=(o&15)<<4|u>>2;i=(u&3)<<6|a;t=t+String.fromCharCode(n);if(u!=64){t=t+String.fromCharCode(r)}if(a!=64){t=t+String.fromCharCode(i)}}t=Base64._utf8_decode(t);return t},_utf8_encode:function(e){e=e.replace(/\\r\\n/g,\"n\");var t=\"\";for(var n=0;n<e.length;n++){var r=e.charCodeAt(n);if(r<128){t+=String.fromCharCode(r)}else if(r>127&&r<2048){t+=String.fromCharCode(r>>6|192);t+=String.fromCharCode(r&63|128)}else{t+=String.fromCharCode(r>>12|224);t+=String.fromCharCode(r>>6&63|128);t+=String.fromCharCode(r&63|128)}}return t},_utf8_decode:function(e){var t=\"\";var n=0;var r=c1=c2=0;while(n<e.length){r=e.charCodeAt(n);if(r<128){t+=String.fromCharCode(r);n++}else if(r>191&&r<224){c2=e.charCodeAt(n+1);t+=String.fromCharCode((r&31)<<6|c2&63);n+=2}else{c2=e.charCodeAt(n+1);c3=e.charCodeAt(n+2);t+=String.fromCharCode((r&15)<<12|(c2&63)<<6|c3&63);n+=3}}return t}};\nvar username=\"37f2633f-644a-4a9e-9058-2ddd5ec02cfd\";\nvar password=\"795420b5-c8df-4ff2-abab-76e93fe240a6\";\nvar encodedString = Base64.encode(username+':'+password);\nmsg.headers = {\"Authorization\":\"Basic \"+ encodedString};\nglobal.set(\"yr\",msg.payload.yr)\nglobal.set(\"rh\",msg.payload.rh)\nglobal.set(\"oc\",msg.payload.oc)\nreturn msg;","outputs":1,"noerr":0,"x":258,"y":434,"wires":[["87a7f96.c07b308"]]},{"id":"87a7f96.c07b308","type":"http request","z":"58cce8b4.a4e588","name":"","method":"GET","ret":"obj","paytoqs":false,"url":"https://eu-gb.ml.cloud.ibm.com/v3/identity/token","tls":"","proxy":"","authType":"basic","x":317,"y":326,"wires":[["7a1d497a.96d818"]]},{"id":"eaf91f57.6938e","type":"http request","z":"58cce8b4.a4e588","name":"","method":"POST","ret":"obj","paytoqs":false,"url":"https://eu-gb.ml.cloud.ibm.com/v3/wml_instances/619b0d93-00c2-4af2-ae38-5e213db23eb8/deployments/3ce31ed2-e284-4981-a873-2e3c0ae9d08b/online","tls":"","proxy":"","authType":"basic","x":296,"y":121,"wires":[["fdba6cff.97422"]]},{"id":"7a1d497a.96d818","type":"function","z":"58cce8b4.a4e588","name":"Prediction","func":"var token=msg.payload.token;\nvar yr=global.get(\"yr\");\nvar rh=global.get(\"rh\");\nvar oc=global.get(\"oc\");\nmsg.payload={\"fields\":[\"year\",\"rank in hunger index\",\"out of total number of countries\"],\"values\":[[yr,rh,oc]]};\nmsg.headers={\"Authorization\":\"Bearer\"+token}\nreturn msg;","outputs":1,"noerr":0,"x":309,"y":234,"wires":[["eaf91f57.6938e"]]},{"id":"fdba6cff.97422","type":"function","z":"58cce8b4.a4e588","name":"output parsing","func":"msg.payload=msg.payload.values[0][0]\nreturn msg;","outputs":1,"noerr":0,"x":515,"y":123,"wires":[["7b767a5a.322064","ce000574.0f6bf8"]]},{"id":"ce000574.0f6bf8","type":"debug","z":"58cce8b4.a4e588","name":"","active":true,"tosidebar":true,"console":false,"tostatus":false,"complete":"payload","targetType":"msg","x":722,"y":73,"wires":[]},{"id":"7b767a5a.322064","type":"ui_text","z":"58cce8b4.a4e588","group":"bd7c0706.7bdfb8","order":5,"width":0,"height":0,"name":"","label":"prediction","format":"{{msg.payload}}","layout":"row-spread","x":725,"y":186,"wires":[]},{"id":"bd7c0706.7bdfb8","type":"ui_group","z":"","name":"susmitha","tab":"36c9d706.f42f88","disp":true,"width":"6","collapse":false},{"id":"36c9d706.f42f88","type":"ui_tab","z":"","name":"Predict","icon":"dashboard","disabled":false,"hidden":false}]